"","","0 0 o) a) 1010 IOIOIO O1O -) 101010 () 9100 (G ","0 0 (o (o -) C (2) () (9) ) ","0 0 a) 9) ) 01010 ) DIO (- 010 (2) g) G ","0 0 (o) (a) (o (o ( 1O OIIOIOIO OIC) CIO -) ) (D) G (9) (G (G ","e o) -) OIO - O00001 (2) 9) 9) ","0 9) 9 OIO () OOOOIO CIO ) OIO (z) ) G) (G G ","0 9 (o ( OLOOIO G -IOIO G 01001010 ( (2 9) ","e 1010101OIIOIG (2 (G ","o < (2 (2 G ","(a 010101010101 (- 01010101016 G ","G o (o 010IO C ( () G a) ","o o o 10101010101 (< (< 1010101010 G G ",") 1010 101IO ( O 9) ",
"","","","","","","","","","","","","","","",
"","","","","","","","","","","","","","","",
"","","","","","","","","","","","","","","",
"","","","","","","","","","","","","","","",
"","3 3 ","","","","","","","","","","","","","",
"","2 ","","","","e ","","e ","","","","","","","",
"","","","","","","","","","","","","","","",
"","","6o be ","O O ","u ","t ","","2 ","","","","","","","",
"","","8 ","8 8 Lo ","88 8 S ","8 888 S 8 ","e O ","9 9 8 8 ","","","","","","","",
"","","","","","","","","","","","","","","",
"1 O O ","","OOC O O ( O OO ","-) C D ","0 0 ","O) 0 9 ( 0 ","0 0 0 ","0 ) G 0 ","","O) ","O G ","O) ","","olololololoo ooooooo - ","- ",
"O ","","OIO () 2 2 0 ","(z 0 e ","2) (2) 0 9 ",") 2 2 O) 0 0 0 ","OlOI (- (E 0 0 0 ",") 0 =) OIO 0 ","e) ","O) 000 O ) ",") =) E) 000 ) ","O e) ) ","OIG ","oooo 0000oo ) Oe 2) olooooooo Ol G ","- 2) 00 G ",
"","","0 0 O G ","0 0 ","0 0 ","0 1O10 0 ","0 0 ) ","0 0 ","(-) ","","OO ","","","O0 ","",
"","","000 Q ","00000 00 SANDH HOH ","0 0 ","0 9 do D HOP ","0 00 0 De 3t ","O ","","","","","","","",
"","","co) Lo 2 ","o 9 S ","","D 0 ","o D ","O ","","","","","","","",
